{
    "mse": 0.013936942997391816,
    "rmse": 0.118054830470387,
    "mae": 0.08524258779899278,
    "r2": 0.4142641753064382,
    "mean_error": 0.008156186240172598,
    "median_error": -0.002723781287993665,
    "max_error": 0.5882374868014572,
    "min_error": -0.48728606726267254,
    "mean_abs_error": 0.08524258779899278,
    "mean_percent_error": -7.043670664977522,
    "median_percent_error": -0.6726407693796589
}