{
    "mse": 0.003677583199827236,
    "rmse": 0.06064308039527046,
    "mae": 0.039530726045867916,
    "r2": 0.8590151928765026,
    "mean_error": 0.003210553050030463,
    "median_error": -7.117275585169502e-05,
    "max_error": 0.41815268278311135,
    "min_error": -0.5392145559990378,
    "mean_abs_error": 0.039530726045867916,
    "mean_percent_error": -3.715366627227233,
    "median_percent_error": -0.015941512160346755
}