{
    "mse": 0.008302185538276349,
    "rmse": 0.09111632970152139,
    "mae": 0.06853731483239894,
    "r2": 0.6478882680602702,
    "mean_error": -0.0031739743841940897,
    "median_error": -0.014485880625910663,
    "max_error": 0.4569073326062618,
    "min_error": -0.4432132085855965,
    "mean_abs_error": 0.06853731483239894,
    "mean_percent_error": -9.372736559301421,
    "median_percent_error": -4.178103643080794
}